id,questionnaire_id,question_number,text,category,sub_section,dimension,options,created_at,template,status,internal_title,subtitle,media_url,media_type,template_settings,validation,tags,display_order,source_type,updated_at
921,admin_created,2,你突然想起一件三年前尴尬的小事，你的第一反应是？,成长潜力,,,"[{""id"": ""A"", ""text"": ""\u8d76\u7d27\u5237\u624b\u673a\u76d6\u8fc7\u53bb\uff0c\u592a\u4e22\u4eba\u4e86"", ""value"": 1, ""label"": ""A""}, {""id"": ""B"", ""text"": ""\u601d\u8003\u4e3a\u4ec0\u4e48\u8fd9\u4ef6\u4e8b\u81f3\u4eca\u8fd8\u8ba9\u6211\u803f\u803f\u4e8e\u6000\uff0c\u5b83\u89e6\u52a8\u4e86\u6211\u54ea\u6839\u795e\u7ecf\uff1f"", ""value"": 3, ""label"": ""B""}, {""id"": ""C"", ""text"": ""\u610f\u8bc6\u5230\u8fd9\u53cd\u6620\u4e86\u6211\u5f53\u65f6\u5bf9\u8ba4\u540c\u611f\u7684\u6e34\u671b\uff0c\u5e76\u89c9\u5f97\u5f53\u65f6\u7684\u81ea\u5df1\u5f88\u53ef\u7231\u3002"", ""value"": 5, ""label"": ""C""}]",2026-02-11 08:48:18.08422,F2,published,新题目 Q2,,,,{},"{""required"": true}",[],0,admin,2026-02-11 08:48:18.175374
920,admin_created,1,我能清楚地知道自己在不同情况下的情绪,情绪调节能力,,,[],2026-02-11 08:42:35.937031,F1,published,新题目 Q1,,,,"{""leftLabel"": ""\u975e\u5e38\u4e0d\u7b26\u5408"", ""rightLabel"": ""\u975e\u5e38\u4e0d\u7b26\u5408""}","{""required"": true}",[],0,admin,2026-02-11 08:48:36.876087
922,admin_created,3,你精心准备了一个月的项目突然因为不可抗力夭折了，你的状态是？,成长潜力,,,"[{""id"": ""A"", ""text"": ""\u201c\u5f7b\u5e95\u6446\u70c2\uff0c\u4e00\u5468\u4e0d\u60f3\u4e0b\u5e8a\u3002"", ""value"": 1, ""label"": ""A""}, {""id"": ""B"", ""text"": ""\u96be\u8fc7\u51e0\u5929\uff0c\u7136\u540e\u673a\u68b0\u5730\u5f00\u59cb\u505a\u4e0b\u4e00\u4ef6\u4e8b\u3002"", ""value"": 2, ""label"": ""B""}, {""id"": ""C"", ""text"": ""\u5141\u8bb8\u81ea\u5df1\u96be\u8fc7\u4e00\u5c0f\u65f6\uff0c\u7136\u540e\u590d\u76d8\uff1a\u8fd9\u6b21\u7ecf\u5386\u7ed9\u6211\u7559\u4e0b\u4e86\u4ec0\u4e48\u201c\u5f39\u836f\u201d\uff1f"", ""value"": 5, ""label"": ""C""}]",2026-02-11 08:56:22.556663,F3,published,新题目 Q3,,http://localhost:8000/uploads/1770760588958-6f50b72b.jpg,image,{},"{""required"": true}",[],0,admin,2026-02-11 08:56:43.734826
924,admin_created,5,当下状态6图选择,成长潜力,,,"[{""id"": ""A"", ""text"": ""\u5e73\u9759"", ""imageUrl"": ""https://images.unsplash.com/photo-1763899910806-43a13994b44f?w=400"", ""value"": 1, ""label"": ""A""}, {""id"": ""B"", ""text"": ""\u7d27\u5f20"", ""imageUrl"": ""https://images.unsplash.com/photo-1678988498674-958509e12591?w=400"", ""value"": 2, ""label"": ""B""}, {""id"": ""C"", ""text"": ""\u671f\u5f85"", ""imageUrl"": ""https://images.unsplash.com/photo-1603110505034-7e7dd9458f27?w=400"", ""value"": 3, ""label"": ""C""}, {""id"": ""D"", ""text"": ""\u75b2\u60eb"", ""imageUrl"": ""https://images.unsplash.com/photo-1497491908353-c2624b242ecf?w=400"", ""value"": 4, ""label"": ""D""}, {""id"": ""E"", ""text"": ""\u6df7\u4e71"", ""imageUrl"": ""https://images.unsplash.com/photo-1759269834861-db6fddb17db3?w=400"", ""value"": 5, ""label"": ""E""}, {""id"": ""F"", ""text"": ""\u91ca\u7136"", ""imageUrl"": ""https://images.unsplash.com/photo-1593015839760-756dcd728cba?w=400"", ""value"": 6, ""label"": ""F""}]",2026-02-11 09:04:29.121555,F5,published,新题目 Q5,,,,"{""gridLayout"": ""2x3""}","{""required"": true}",[],0,admin,2026-02-11 09:04:29.132834
928,admin_created,6,观看这段视频片段，视频中主角的情绪主要是？,认知重构能力,,,"[{""id"": ""A"", ""text"": ""\u60b2\u4f24\u4e0e\u5931\u843d"", ""value"": 1, ""label"": ""A""}, {""id"": ""B"", ""text"": ""\u5e73\u9759\u4e0e\u63a5\u7eb3"", ""value"": 2, ""label"": ""B""}, {""id"": ""C"", ""text"": ""\u7126\u8651\u4e0e\u4e0d\u5b89"", ""value"": 1, ""label"": ""C""}, {""id"": ""D"", ""text"": ""\u6124\u6012\u4e0e\u6297\u62d2"", ""value"": 1, ""label"": ""D""}, {""id"": ""E"", ""text"": ""\u559c\u60a6\u4e0e\u5174\u594b"", ""value"": 1, ""label"": ""E""}]",2026-02-11 09:44:59.326065,F8,published,视频情绪判断,,https://assets.mixkit.co/videos/preview/mixkit-calm-sea-and-coast-at-sunset-1229-large.mp4,video,{},"{""required"": true}","[""\u89c6\u9891"", ""\u5171\u60c5""]",0,admin,2026-02-11 09:52:40.039189
923,admin_created,4,你向领导提交方案后，收到一句简短回复：“我们需要讨论一下。”你的第一反应是：,认知重构能力,,,"[{""id"": ""A"", ""text"": ""\u201c\u53ea\u8981\u88ab\u53eb\u53bb\u8ba8\u8bba\uff0c\u8bf4\u660e\u6211\u7684\u65b9\u6848\u5c31\u662f\u4e0d\u5408\u683c\u3002\u201d "", ""imageUrl"": ""http://localhost:8000/uploads/1770760197957-1861541a.png"", ""value"": 1, ""label"": ""A"", ""sub_category"": ""2.2.2.2""}, {""id"": ""B"", ""text"": ""\u201c\u4ed6\u4eec\u8fd9\u6b21\u4e0d\u6ee1\u610f\uff0c\u4ee5\u540e\u6211\u63d0\u7684\u65b9\u6848\u53ef\u80fd\u90fd\u901a\u4e0d\u8fc7\u3002\u201d "", ""imageUrl"": ""http://localhost:8000/uploads/1770760201598-6d7537f4.jpg"", ""value"": 2, ""label"": ""B"", ""sub_category"": ""2.2.2.1""}, {""id"": ""C"", ""text"": ""\u201c\u5b8c\u4e86\uff0c\u8fd9\u80af\u5b9a\u610f\u5473\u7740\u91cd\u5927\u95ee\u9898\uff0c\u9879\u76ee\u53ef\u80fd\u8981\u88ab\u53eb\u505c\u3002\u201d "", ""imageUrl"": ""http://localhost:8000/uploads/1770760207785-b6c2cd2b.jpg"", ""value"": 3, ""label"": ""C"", ""sub_category"": ""2.2.2.3""}, {""id"": ""D"", ""text"": ""\u201c\u6211\u672c\u6765\u5fc5\u987b\u628a\u6240\u6709\u95ee\u9898\u9884\u5148\u8003\u8651\u5230\uff0c\u4e0d\u80fd\u8ba9\u9886\u5bfc\u518d\u64cd\u5fc3\u3002\u201d "", ""imageUrl"": ""http://localhost:8000/uploads/1770760212567-40f5aebb.jpg"", ""value"": 4, ""label"": ""D"", ""sub_category"": ""2.2.2.4""}, {""id"": ""E"", ""text"": ""\u201c\u4e00\u5b9a\u662f\u6211\u758f\u5ffd\u4e86\u5173\u952e\u70b9\uff0c\u8d23\u4efb\u5728\u6211\u3002\u201d "", ""value"": 1, ""label"": ""E"", ""imageUrl"": ""http://localhost:8000/uploads/1770760216707-761ce840.jpg"", ""sub_category"": ""2.2.2.5""}]",2026-02-11 08:59:21.972458,F4,published,新题目 Q4,,,,{},"{""required"": true}",[],0,admin,2026-02-11 09:00:56.443106
927,admin_created,7,给你几种动物，请在以下动物中依次排序，选出你心中最喜欢的三种。,成长潜力,,,"[{""id"": ""opt0"", ""text"": ""\u732b"", ""value"": 0, ""label"": ""1""}, {""id"": ""opt1"", ""text"": ""\u72d7"", ""value"": 0, ""label"": ""2""}, {""id"": ""opt2"", ""text"": ""\u5154\u5b50"", ""value"": 0, ""label"": ""3""}, {""id"": ""opt3"", ""text"": ""\u718a\u732b"", ""value"": 0, ""label"": ""4""}, {""id"": ""opt4"", ""text"": ""\u72d0\u72f8"", ""value"": 0, ""label"": ""5""}, {""id"": ""F"", ""text"": ""\u6d77\u8c5a"", ""value"": 1, ""label"": ""F""}, {""id"": ""G"", ""text"": ""\u732b\u5934\u9e70"", ""value"": 1, ""label"": ""G""}]",2026-02-11 09:38:56.866723,F6,published,动物排序Top3,规则：最喜欢=1，第二喜欢=2，第三喜欢=3。,,,"{""topN"": 3}","{""required"": true}","[""\u6392\u5e8f"", ""\u504f\u597d""]",0,admin,2026-02-11 09:53:21.654171
926,admin_created,8,空间想象：若你站在树旁面向房子，猫在你的什么方向？,成长潜力,,,[],2026-02-11 09:10:48.017371,F7,published,空间方向罗盘,请拖动箭头指示方向（请以直觉作答，不要旋转设备）,http://localhost:8000/uploads/1770761377033-f5da83d1.png,image,"{""centerObject"": ""User"", ""targetObject"": ""cat"", ""defaultAngle"": 0, ""resetLabel"": ""\u91cd\u7f6e"", ""sceneItems"": []}","{""required"": true}","[""\u7a7a\u95f4"", ""\u8ba4\u77e5""]",0,admin,2026-02-11 09:53:36.702025
673,questionnaire_2_1,1,我能清楚地知道自己在不同情况下的情绪。,,,,"[{""value"": 1, ""label"": ""\u975e\u5e38\u4e0d\u7b26\u5408"", ""score"": 1}, {""value"": 2, ""label"": ""\u4e0d\u592a\u7b26\u5408"", ""score"": 2}, {""value"": 3, ""label"": ""\u4e00\u822c"", ""score"": 3}, {""value"": 4, ""label"": ""\u6bd4\u8f83\u7b26\u5408"", ""score"": 4}, {""value"": 5, ""label"": ""\u975e\u5e38\u7b26\u5408"", ""score"": 5}]",2026-01-21 12:29:59.163042,,published,,,,,,,,0,legacy,2026-02-11 19:26:06.389184
674,questionnaire_2_1,2,当我心情不好时，我能分辨是生气、悲伤还是焦虑。,,,,"[{""value"": 1, ""label"": ""\u975e\u5e38\u4e0d\u7b26\u5408"", ""score"": 1}, {""value"": 2, ""label"": ""\u4e0d\u592a\u7b26\u5408"", ""score"": 2}, {""value"": 3, ""label"": ""\u4e00\u822c"", ""score"": 3}, {""value"": 4, ""label"": ""\u6bd4\u8f83\u7b26\u5408"", ""score"": 4}, {""value"": 5, ""label"": ""\u975e\u5e38\u7b26\u5408"", ""score"": 5}]",2026-01-21 12:29:59.163046,,published,,,,,,,,0,legacy,2026-02-11 19:26:06.389184
675,questionnaire_2_1,3,我能用语言准确描述自己的感受。,,,,"[{""value"": 1, ""label"": ""\u975e\u5e38\u4e0d\u7b26\u5408"", ""score"": 1}, {""value"": 2, ""label"": ""\u4e0d\u592a\u7b26\u5408"", ""score"": 2}, {""value"": 3, ""label"": ""\u4e00\u822c"", ""score"": 3}, {""value"": 4, ""label"": ""\u6bd4\u8f83\u7b26\u5408"", ""score"": 4}, {""value"": 5, ""label"": ""\u975e\u5e38\u7b26\u5408"", ""score"": 5}]",2026-01-21 12:29:59.163046,,published,,,,,,,,0,legacy,2026-02-11 19:26:06.389184
676,questionnaire_2_1,4,当别人问我‘你怎么了’时，我能清楚表达自己的情绪。,,,,"[{""value"": 1, ""label"": ""\u975e\u5e38\u4e0d\u7b26\u5408"", ""score"": 1}, {""value"": 2, ""label"": ""\u4e0d\u592a\u7b26\u5408"", ""score"": 2}, {""value"": 3, ""label"": ""\u4e00\u822c"", ""score"": 3}, {""value"": 4, ""label"": ""\u6bd4\u8f83\u7b26\u5408"", ""score"": 4}, {""value"": 5, ""label"": ""\u975e\u5e38\u7b26\u5408"", ""score"": 5}]",2026-01-21 12:29:59.163046,,published,,,,,,,,0,legacy,2026-02-11 19:26:06.389184
677,questionnaire_2_1,5,当我紧张时，我能察觉到身体的变化（如心跳加快、出汗）。,,,,"[{""value"": 1, ""label"": ""\u975e\u5e38\u4e0d\u7b26\u5408"", ""score"": 1}, {""value"": 2, ""label"": ""\u4e0d\u592a\u7b26\u5408"", ""score"": 2}, {""value"": 3, ""label"": ""\u4e00\u822c"", ""score"": 3}, {""value"": 4, ""label"": ""\u6bd4\u8f83\u7b26\u5408"", ""score"": 4}, {""value"": 5, ""label"": ""\u975e\u5e38\u7b26\u5408"", ""score"": 5}]",2026-01-21 12:29:59.163047,,published,,,,,,,,0,legacy,2026-02-11 19:26:06.389184
678,questionnaire_2_1,6,我能通过身体反应判断自己是否在生气或焦虑。,,,,"[{""value"": 1, ""label"": ""\u975e\u5e38\u4e0d\u7b26\u5408"", ""score"": 1}, {""value"": 2, ""label"": ""\u4e0d\u592a\u7b26\u5408"", ""score"": 2}, {""value"": 3, ""label"": ""\u4e00\u822c"", ""score"": 3}, {""value"": 4, ""label"": ""\u6bd4\u8f83\u7b26\u5408"", ""score"": 4}, {""value"": 5, ""label"": ""\u975e\u5e38\u7b26\u5408"", ""score"": 5}]",2026-01-21 12:29:59.163047,,published,,,,,,,,0,legacy,2026-02-11 19:26:06.389184
679,questionnaire_2_1,7,我会思考自己为什么会有某种情绪。,,,,"[{""value"": 1, ""label"": ""\u975e\u5e38\u4e0d\u7b26\u5408"", ""score"": 1}, {""value"": 2, ""label"": ""\u4e0d\u592a\u7b26\u5408"", ""score"": 2}, {""value"": 3, ""label"": ""\u4e00\u822c"", ""score"": 3}, {""value"": 4, ""label"": ""\u6bd4\u8f83\u7b26\u5408"", ""score"": 4}, {""value"": 5, ""label"": ""\u975e\u5e38\u7b26\u5408"", ""score"": 5}]",2026-01-21 12:29:59.163047,,published,,,,,,,,0,legacy,2026-02-11 19:26:06.389184
680,questionnaire_2_1,8,当我情绪低落时，我能找出导致这种情绪的原因。,,,,"[{""value"": 1, ""label"": ""\u975e\u5e38\u4e0d\u7b26\u5408"", ""score"": 1}, {""value"": 2, ""label"": ""\u4e0d\u592a\u7b26\u5408"", ""score"": 2}, {""value"": 3, ""label"": ""\u4e00\u822c"", ""score"": 3}, {""value"": 4, ""label"": ""\u6bd4\u8f83\u7b26\u5408"", ""score"": 4}, {""value"": 5, ""label"": ""\u975e\u5e38\u7b26\u5408"", ""score"": 5}]",2026-01-21 12:29:59.163047,,published,,,,,,,,0,legacy,2026-02-11 19:26:06.389184
681,questionnaire_2_1,9,我能通过别人表情或语气判断他们的情绪。,,,,"[{""value"": 1, ""label"": ""\u975e\u5e38\u4e0d\u7b26\u5408"", ""score"": 1}, {""value"": 2, ""label"": ""\u4e0d\u592a\u7b26\u5408"", ""score"": 2}, {""value"": 3, ""label"": ""\u4e00\u822c"", ""score"": 3}, {""value"": 4, ""label"": ""\u6bd4\u8f83\u7b26\u5408"", ""score"": 4}, {""value"": 5, ""label"": ""\u975e\u5e38\u7b26\u5408"", ""score"": 5}]",2026-01-21 12:29:59.163048,,published,,,,,,,,0,legacy,2026-02-11 19:26:06.389184
682,questionnaire_2_1,10,当朋友心情不好时，我能理解他们可能的感受。,,,,"[{""value"": 1, ""label"": ""\u975e\u5e38\u4e0d\u7b26\u5408"", ""score"": 1}, {""value"": 2, ""label"": ""\u4e0d\u592a\u7b26\u5408"", ""score"": 2}, {""value"": 3, ""label"": ""\u4e00\u822c"", ""score"": 3}, {""value"": 4, ""label"": ""\u6bd4\u8f83\u7b26\u5408"", ""score"": 4}, {""value"": 5, ""label"": ""\u975e\u5e38\u7b26\u5408"", ""score"": 5}]",2026-01-21 12:29:59.163048,,published,,,,,,,,0,legacy,2026-02-11 19:26:06.389184
683,questionnaire_2_2,1,当我情绪波动时，内在会立刻提醒我要理性、冷静或压住情绪。,Managers (管理者),2.2.1,,"[{""value"": 1, ""label"": ""\u975e\u5e38\u4e0d\u7b26\u5408"", ""score"": 1}, {""value"": 2, ""label"": ""\u4e0d\u592a\u7b26\u5408"", ""score"": 2}, {""value"": 3, ""label"": ""\u4e00\u822c"", ""score"": 3}, {""value"": 4, ""label"": ""\u6bd4\u8f83\u7b26\u5408"", ""score"": 4}, {""value"": 5, ""label"": ""\u975e\u5e38\u7b26\u5408"", ""score"": 5}]",2026-01-21 12:29:59.171945,,published,,,,,,,,0,legacy,2026-02-11 19:26:06.389184
684,questionnaire_2_2,2,我常通过自我要求或自我批评来推动自己表现得更好。,Managers (管理者),2.2.1,,"[{""value"": 1, ""label"": ""\u975e\u5e38\u4e0d\u7b26\u5408"", ""score"": 1}, {""value"": 2, ""label"": ""\u4e0d\u592a\u7b26\u5408"", ""score"": 2}, {""value"": 3, ""label"": ""\u4e00\u822c"", ""score"": 3}, {""value"": 4, ""label"": ""\u6bd4\u8f83\u7b26\u5408"", ""score"": 4}, {""value"": 5, ""label"": ""\u975e\u5e38\u7b26\u5408"", ""score"": 5}]",2026-01-21 12:29:59.171947,,published,,,,,,,,0,legacy,2026-02-11 19:26:06.389184
685,questionnaire_2_2,3,我不太允许自己在他人面前显得脆弱或失控。,Managers (管理者),2.2.1,,"[{""value"": 1, ""label"": ""\u975e\u5e38\u4e0d\u7b26\u5408"", ""score"": 1}, {""value"": 2, ""label"": ""\u4e0d\u592a\u7b26\u5408"", ""score"": 2}, {""value"": 3, ""label"": ""\u4e00\u822c"", ""score"": 3}, {""value"": 4, ""label"": ""\u6bd4\u8f83\u7b26\u5408"", ""score"": 4}, {""value"": 5, ""label"": ""\u975e\u5e38\u7b26\u5408"", ""score"": 5}]",2026-01-21 12:29:59.171947,,published,,,,,,,,0,legacy,2026-02-11 19:26:06.389184
686,questionnaire_2_2,4,我倾向于提前规划、担心最坏情况，以避免出错。,Managers (管理者),2.2.1,,"[{""value"": 1, ""label"": ""\u975e\u5e38\u4e0d\u7b26\u5408"", ""score"": 1}, {""value"": 2, ""label"": ""\u4e0d\u592a\u7b26\u5408"", ""score"": 2}, {""value"": 3, ""label"": ""\u4e00\u822c"", ""score"": 3}, {""value"": 4, ""label"": ""\u6bd4\u8f83\u7b26\u5408"", ""score"": 4}, {""value"": 5, ""label"": ""\u975e\u5e38\u7b26\u5408"", ""score"": 5}]",2026-01-21 12:29:59.171948,,published,,,,,,,,0,legacy,2026-02-11 19:26:06.389184
687,questionnaire_2_2,5,如果我放松警惕，内心会担心事情会“失控”。,Managers (管理者),2.2.1,,"[{""value"": 1, ""label"": ""\u975e\u5e38\u4e0d\u7b26\u5408"", ""score"": 1}, {""value"": 2, ""label"": ""\u4e0d\u592a\u7b26\u5408"", ""score"": 2}, {""value"": 3, ""label"": ""\u4e00\u822c"", ""score"": 3}, {""value"": 4, ""label"": ""\u6bd4\u8f83\u7b26\u5408"", ""score"": 4}, {""value"": 5, ""label"": ""\u975e\u5e38\u7b26\u5408"", ""score"": 5}]",2026-01-21 12:29:59.171948,,published,,,,,,,,0,legacy,2026-02-11 19:26:06.389184
688,questionnaire_2_2,6,当情绪难受时，我会本能地用刷手机、吃东西、工作、娱乐等方式来逃离感受。,Firefighters (消防员),2.2.1,,"[{""value"": 1, ""label"": ""\u975e\u5e38\u4e0d\u7b26\u5408"", ""score"": 1}, {""value"": 2, ""label"": ""\u4e0d\u592a\u7b26\u5408"", ""score"": 2}, {""value"": 3, ""label"": ""\u4e00\u822c"", ""score"": 3}, {""value"": 4, ""label"": ""\u6bd4\u8f83\u7b26\u5408"", ""score"": 4}, {""value"": 5, ""label"": ""\u975e\u5e38\u7b26\u5408"", ""score"": 5}]",2026-01-21 12:29:59.171948,,published,,,,,,,,0,legacy,2026-02-11 19:26:06.389184
689,questionnaire_2_2,7,我有时会突然做出冲动行为，只为让不舒服的感觉快点消失。,Firefighters (消防员),2.2.1,,"[{""value"": 1, ""label"": ""\u975e\u5e38\u4e0d\u7b26\u5408"", ""score"": 1}, {""value"": 2, ""label"": ""\u4e0d\u592a\u7b26\u5408"", ""score"": 2}, {""value"": 3, ""label"": ""\u4e00\u822c"", ""score"": 3}, {""value"": 4, ""label"": ""\u6bd4\u8f83\u7b26\u5408"", ""score"": 4}, {""value"": 5, ""label"": ""\u975e\u5e38\u7b26\u5408"", ""score"": 5}]",2026-01-21 12:29:59.171948,,published,,,,,,,,0,legacy,2026-02-11 19:26:06.389184
690,questionnaire_2_2,8,我会避免去想或谈论某些情绪或经历。,Firefighters (消防员),2.2.1,,"[{""value"": 1, ""label"": ""\u975e\u5e38\u4e0d\u7b26\u5408"", ""score"": 1}, {""value"": 2, ""label"": ""\u4e0d\u592a\u7b26\u5408"", ""score"": 2}, {""value"": 3, ""label"": ""\u4e00\u822c"", ""score"": 3}, {""value"": 4, ""label"": ""\u6bd4\u8f83\u7b26\u5408"", ""score"": 4}, {""value"": 5, ""label"": ""\u975e\u5e38\u7b26\u5408"", ""score"": 5}]",2026-01-21 12:29:59.171949,,published,,,,,,,,0,legacy,2026-02-11 19:26:06.389184
691,questionnaire_2_2,9,情绪一旦太强烈，我会感觉自己“关掉了感受”。,Firefighters (消防员),2.2.1,,"[{""value"": 1, ""label"": ""\u975e\u5e38\u4e0d\u7b26\u5408"", ""score"": 1}, {""value"": 2, ""label"": ""\u4e0d\u592a\u7b26\u5408"", ""score"": 2}, {""value"": 3, ""label"": ""\u4e00\u822c"", ""score"": 3}, {""value"": 4, ""label"": ""\u6bd4\u8f83\u7b26\u5408"", ""score"": 4}, {""value"": 5, ""label"": ""\u975e\u5e38\u7b26\u5408"", ""score"": 5}]",2026-01-21 12:29:59.171949,,published,,,,,,,,0,legacy,2026-02-11 19:26:06.389184
692,questionnaire_2_2,10,之后回看这些行为，我能感觉到它们像是在“救急”。,Firefighters (消防员),2.2.1,,"[{""value"": 1, ""label"": ""\u975e\u5e38\u4e0d\u7b26\u5408"", ""score"": 1}, {""value"": 2, ""label"": ""\u4e0d\u592a\u7b26\u5408"", ""score"": 2}, {""value"": 3, ""label"": ""\u4e00\u822c"", ""score"": 3}, {""value"": 4, ""label"": ""\u6bd4\u8f83\u7b26\u5408"", ""score"": 4}, {""value"": 5, ""label"": ""\u975e\u5e38\u7b26\u5408"", ""score"": 5}]",2026-01-21 12:29:59.171949,,published,,,,,,,,0,legacy,2026-02-11 19:26:06.389184
693,questionnaire_2_2,11,在某些情境下，我会突然感到委屈、羞愧、害怕或被抛下。,Exiles (流亡者),2.2.1,,"[{""value"": 1, ""label"": ""\u975e\u5e38\u4e0d\u7b26\u5408"", ""score"": 1}, {""value"": 2, ""label"": ""\u4e0d\u592a\u7b26\u5408"", ""score"": 2}, {""value"": 3, ""label"": ""\u4e00\u822c"", ""score"": 3}, {""value"": 4, ""label"": ""\u6bd4\u8f83\u7b26\u5408"", ""score"": 4}, {""value"": 5, ""label"": ""\u975e\u5e38\u7b26\u5408"", ""score"": 5}]",2026-01-21 12:29:59.171949,,published,,,,,,,,0,legacy,2026-02-11 19:26:06.389184
694,questionnaire_2_2,12,我内心有一些情绪，感觉长期没有被真正理解或安抚。,Exiles (流亡者),2.2.1,,"[{""value"": 1, ""label"": ""\u975e\u5e38\u4e0d\u7b26\u5408"", ""score"": 1}, {""value"": 2, ""label"": ""\u4e0d\u592a\u7b26\u5408"", ""score"": 2}, {""value"": 3, ""label"": ""\u4e00\u822c"", ""score"": 3}, {""value"": 4, ""label"": ""\u6bd4\u8f83\u7b26\u5408"", ""score"": 4}, {""value"": 5, ""label"": ""\u975e\u5e38\u7b26\u5408"", ""score"": 5}]",2026-01-21 12:29:59.17195,,published,,,,,,,,0,legacy,2026-02-11 19:26:06.389184
695,questionnaire_2_2,13,当我被忽视、否定或冲突时，反应会异常强烈。,Exiles (流亡者),2.2.1,,"[{""value"": 1, ""label"": ""\u975e\u5e38\u4e0d\u7b26\u5408"", ""score"": 1}, {""value"": 2, ""label"": ""\u4e0d\u592a\u7b26\u5408"", ""score"": 2}, {""value"": 3, ""label"": ""\u4e00\u822c"", ""score"": 3}, {""value"": 4, ""label"": ""\u6bd4\u8f83\u7b26\u5408"", ""score"": 4}, {""value"": 5, ""label"": ""\u975e\u5e38\u7b26\u5408"", ""score"": 5}]",2026-01-21 12:29:59.17195,,published,,,,,,,,0,legacy,2026-02-11 19:26:06.389184
696,questionnaire_2_2,14,我隐约觉得内在有一部分自己仍停留在过去的痛苦经验中。,Exiles (流亡者),2.2.1,,"[{""value"": 1, ""label"": ""\u975e\u5e38\u4e0d\u7b26\u5408"", ""score"": 1}, {""value"": 2, ""label"": ""\u4e0d\u592a\u7b26\u5408"", ""score"": 2}, {""value"": 3, ""label"": ""\u4e00\u822c"", ""score"": 3}, {""value"": 4, ""label"": ""\u6bd4\u8f83\u7b26\u5408"", ""score"": 4}, {""value"": 5, ""label"": ""\u975e\u5e38\u7b26\u5408"", ""score"": 5}]",2026-01-21 12:29:59.17195,,published,,,,,,,,0,legacy,2026-02-11 19:26:06.389184
697,questionnaire_2_2,15,当这些感受浮现时，我会想把它们压回去。,Exiles (流亡者),2.2.1,,"[{""value"": 1, ""label"": ""\u975e\u5e38\u4e0d\u7b26\u5408"", ""score"": 1}, {""value"": 2, ""label"": ""\u4e0d\u592a\u7b26\u5408"", ""score"": 2}, {""value"": 3, ""label"": ""\u4e00\u822c"", ""score"": 3}, {""value"": 4, ""label"": ""\u6bd4\u8f83\u7b26\u5408"", ""score"": 4}, {""value"": 5, ""label"": ""\u975e\u5e38\u7b26\u5408"", ""score"": 5}]",2026-01-21 12:29:59.17195,,published,,,,,,,,0,legacy,2026-02-11 19:26:06.389184
698,questionnaire_2_2,16,即使在情绪起伏中，我仍能觉察到情绪，而不完全被它们淹没。,Self Energy (自性),2.2.1,,"[{""value"": 1, ""label"": ""\u975e\u5e38\u4e0d\u7b26\u5408"", ""score"": 1}, {""value"": 2, ""label"": ""\u4e0d\u592a\u7b26\u5408"", ""score"": 2}, {""value"": 3, ""label"": ""\u4e00\u822c"", ""score"": 3}, {""value"": 4, ""label"": ""\u6bd4\u8f83\u7b26\u5408"", ""score"": 4}, {""value"": 5, ""label"": ""\u975e\u5e38\u7b26\u5408"", ""score"": 5}]",2026-01-21 12:29:59.171951,,published,,,,,,,,0,legacy,2026-02-11 19:26:06.389184
699,questionnaire_2_2,17,我能以理解和温柔的态度看待自己内在的不同部分。,Self Energy (自性),2.2.1,,"[{""value"": 1, ""label"": ""\u975e\u5e38\u4e0d\u7b26\u5408"", ""score"": 1}, {""value"": 2, ""label"": ""\u4e0d\u592a\u7b26\u5408"", ""score"": 2}, {""value"": 3, ""label"": ""\u4e00\u822c"", ""score"": 3}, {""value"": 4, ""label"": ""\u6bd4\u8f83\u7b26\u5408"", ""score"": 4}, {""value"": 5, ""label"": ""\u975e\u5e38\u7b26\u5408"", ""score"": 5}]",2026-01-21 12:29:59.171951,,published,,,,,,,,0,legacy,2026-02-11 19:26:06.389184
700,questionnaire_2_2,18,面对内在冲突时，我能保持一定的空间与耐心。,Self Energy (自性),2.2.1,,"[{""value"": 1, ""label"": ""\u975e\u5e38\u4e0d\u7b26\u5408"", ""score"": 1}, {""value"": 2, ""label"": ""\u4e0d\u592a\u7b26\u5408"", ""score"": 2}, {""value"": 3, ""label"": ""\u4e00\u822c"", ""score"": 3}, {""value"": 4, ""label"": ""\u6bd4\u8f83\u7b26\u5408"", ""score"": 4}, {""value"": 5, ""label"": ""\u975e\u5e38\u7b26\u5408"", ""score"": 5}]",2026-01-21 12:29:59.171951,,published,,,,,,,,0,legacy,2026-02-11 19:26:06.389184
701,questionnaire_2_2,19,当我安静下来，会感到内在有一种稳定、清楚的存在感。,Self Energy (自性),2.2.1,,"[{""value"": 1, ""label"": ""\u975e\u5e38\u4e0d\u7b26\u5408"", ""score"": 1}, {""value"": 2, ""label"": ""\u4e0d\u592a\u7b26\u5408"", ""score"": 2}, {""value"": 3, ""label"": ""\u4e00\u822c"", ""score"": 3}, {""value"": 4, ""label"": ""\u6bd4\u8f83\u7b26\u5408"", ""score"": 4}, {""value"": 5, ""label"": ""\u975e\u5e38\u7b26\u5408"", ""score"": 5}]",2026-01-21 12:29:59.171951,,published,,,,,,,,0,legacy,2026-02-11 19:26:06.389184
702,questionnaire_2_2,20,我相信自己内在有自我修复与整合的能力。,Self Energy (自性),2.2.1,,"[{""value"": 1, ""label"": ""\u975e\u5e38\u4e0d\u7b26\u5408"", ""score"": 1}, {""value"": 2, ""label"": ""\u4e0d\u592a\u7b26\u5408"", ""score"": 2}, {""value"": 3, ""label"": ""\u4e00\u822c"", ""score"": 3}, {""value"": 4, ""label"": ""\u6bd4\u8f83\u7b26\u5408"", ""score"": 4}, {""value"": 5, ""label"": ""\u975e\u5e38\u7b26\u5408"", ""score"": 5}]",2026-01-21 12:29:59.171952,,published,,,,,,,,0,legacy,2026-02-11 19:26:06.389184
703,questionnaire_2_2,21,明天老板约谈，你第一个闪念是：“肯定要炒我鱿鱼，我会立刻破产、人生完了！”,灾难化,2.2.2,,"[{""value"": 1, ""label"": ""\u975e\u5e38\u4e0d\u7b26\u5408"", ""score"": 1}, {""value"": 2, ""label"": ""\u4e0d\u592a\u7b26\u5408"", ""score"": 2}, {""value"": 3, ""label"": ""\u4e00\u822c"", ""score"": 3}, {""value"": 4, ""label"": ""\u6bd4\u8f83\u7b26\u5408"", ""score"": 4}, {""value"": 5, ""label"": ""\u975e\u5e38\u7b26\u5408"", ""score"": 5}]",2026-01-21 12:29:59.171952,,published,,,,,,,,0,legacy,2026-02-11 19:26:06.389184
704,questionnaire_2_2,22,今天饮食破戒吃了一块饼干，你想到：“饮食计划全毁，我就是个彻底失败者。”,非黑即白,2.2.2,,"[{""value"": 1, ""label"": ""\u975e\u5e38\u4e0d\u7b26\u5408"", ""score"": 1}, {""value"": 2, ""label"": ""\u4e0d\u592a\u7b26\u5408"", ""score"": 2}, {""value"": 3, ""label"": ""\u4e00\u822c"", ""score"": 3}, {""value"": 4, ""label"": ""\u6bd4\u8f83\u7b26\u5408"", ""score"": 4}, {""value"": 5, ""label"": ""\u975e\u5e38\u7b26\u5408"", ""score"": 5}]",2026-01-21 12:29:59.171952,,published,,,,,,,,0,legacy,2026-02-11 19:26:06.389184
705,questionnaire_2_2,23,一次求职被拒后，你想到：“我总是失败，永远找不到工作。”,以偏概全,2.2.2,,"[{""value"": 1, ""label"": ""\u975e\u5e38\u4e0d\u7b26\u5408"", ""score"": 1}, {""value"": 2, ""label"": ""\u4e0d\u592a\u7b26\u5408"", ""score"": 2}, {""value"": 3, ""label"": ""\u4e00\u822c"", ""score"": 3}, {""value"": 4, ""label"": ""\u6bd4\u8f83\u7b26\u5408"", ""score"": 4}, {""value"": 5, ""label"": ""\u975e\u5e38\u7b26\u5408"", ""score"": 5}]",2026-01-21 12:29:59.171952,,published,,,,,,,,0,legacy,2026-02-11 19:26:06.389184
706,questionnaire_2_2,24,演讲获多数好评，只有一条轻微批评；你想到：“我表现很糟糕。”,心理过滤,2.2.2,,"[{""value"": 1, ""label"": ""\u975e\u5e38\u4e0d\u7b26\u5408"", ""score"": 1}, {""value"": 2, ""label"": ""\u4e0d\u592a\u7b26\u5408"", ""score"": 2}, {""value"": 3, ""label"": ""\u4e00\u822c"", ""score"": 3}, {""value"": 4, ""label"": ""\u6bd4\u8f83\u7b26\u5408"", ""score"": 4}, {""value"": 5, ""label"": ""\u975e\u5e38\u7b26\u5408"", ""score"": 5}]",2026-01-21 12:29:59.171953,,published,,,,,,,,0,legacy,2026-02-11 19:26:06.389184
707,questionnaire_2_2,25,同事夸你讲解清楚，你想到：“这不算什么，谁都能做到。”,否定积极,2.2.2,,"[{""value"": 1, ""label"": ""\u975e\u5e38\u4e0d\u7b26\u5408"", ""score"": 1}, {""value"": 2, ""label"": ""\u4e0d\u592a\u7b26\u5408"", ""score"": 2}, {""value"": 3, ""label"": ""\u4e00\u822c"", ""score"": 3}, {""value"": 4, ""label"": ""\u6bd4\u8f83\u7b26\u5408"", ""score"": 4}, {""value"": 5, ""label"": ""\u975e\u5e38\u7b26\u5408"", ""score"": 5}]",2026-01-21 12:29:59.171953,,published,,,,,,,,0,legacy,2026-02-11 19:26:06.389184
708,questionnaire_2_2,26,朋友消息未回；你想到：“他肯定对我不满。”,读心术,2.2.2,,"[{""value"": 1, ""label"": ""\u975e\u5e38\u4e0d\u7b26\u5408"", ""score"": 1}, {""value"": 2, ""label"": ""\u4e0d\u592a\u7b26\u5408"", ""score"": 2}, {""value"": 3, ""label"": ""\u4e00\u822c"", ""score"": 3}, {""value"": 4, ""label"": ""\u6bd4\u8f83\u7b26\u5408"", ""score"": 4}, {""value"": 5, ""label"": ""\u975e\u5e38\u7b26\u5408"", ""score"": 5}]",2026-01-21 12:29:59.171953,,published,,,,,,,,0,legacy,2026-02-11 19:26:06.389184
709,questionnaire_2_2,27,考试临近；你想到：“我这次一定考砸，之后一切都会糟。”,预言家,2.2.2,,"[{""value"": 1, ""label"": ""\u975e\u5e38\u4e0d\u7b26\u5408"", ""score"": 1}, {""value"": 2, ""label"": ""\u4e0d\u592a\u7b26\u5408"", ""score"": 2}, {""value"": 3, ""label"": ""\u4e00\u822c"", ""score"": 3}, {""value"": 4, ""label"": ""\u6bd4\u8f83\u7b26\u5408"", ""score"": 4}, {""value"": 5, ""label"": ""\u975e\u5e38\u7b26\u5408"", ""score"": 5}]",2026-01-21 12:29:59.171953,,published,,,,,,,,0,legacy,2026-02-11 19:26:06.389184
710,questionnaire_2_2,28,你感到很慌，于是想到：“我感到害怕，所以这件事一定很危险。”,情绪化推理,2.2.2,,"[{""value"": 1, ""label"": ""\u975e\u5e38\u4e0d\u7b26\u5408"", ""score"": 1}, {""value"": 2, ""label"": ""\u4e0d\u592a\u7b26\u5408"", ""score"": 2}, {""value"": 3, ""label"": ""\u4e00\u822c"", ""score"": 3}, {""value"": 4, ""label"": ""\u6bd4\u8f83\u7b26\u5408"", ""score"": 4}, {""value"": 5, ""label"": ""\u975e\u5e38\u7b26\u5408"", ""score"": 5}]",2026-01-21 12:29:59.171954,,published,,,,,,,,0,legacy,2026-02-11 19:26:06.389184
711,questionnaire_2_2,29,你犯了一个小错，想到：“我应该从不犯错；犯错就不配被喜欢。”,应该语句,2.2.2,,"[{""value"": 1, ""label"": ""\u975e\u5e38\u4e0d\u7b26\u5408"", ""score"": 1}, {""value"": 2, ""label"": ""\u4e0d\u592a\u7b26\u5408"", ""score"": 2}, {""value"": 3, ""label"": ""\u4e00\u822c"", ""score"": 3}, {""value"": 4, ""label"": ""\u6bd4\u8f83\u7b26\u5408"", ""score"": 4}, {""value"": 5, ""label"": ""\u975e\u5e38\u7b26\u5408"", ""score"": 5}]",2026-01-21 12:29:59.171954,,published,,,,,,,,0,legacy,2026-02-11 19:26:06.389184
712,questionnaire_2_2,30,项目里一个环节不顺，你想到：“这是个大灾难；我的优点都微不足道。”,放大/缩小,2.2.2,,"[{""value"": 1, ""label"": ""\u975e\u5e38\u4e0d\u7b26\u5408"", ""score"": 1}, {""value"": 2, ""label"": ""\u4e0d\u592a\u7b26\u5408"", ""score"": 2}, {""value"": 3, ""label"": ""\u4e00\u822c"", ""score"": 3}, {""value"": 4, ""label"": ""\u6bd4\u8f83\u7b26\u5408"", ""score"": 4}, {""value"": 5, ""label"": ""\u975e\u5e38\u7b26\u5408"", ""score"": 5}]",2026-01-21 12:29:59.171954,,published,,,,,,,,0,legacy,2026-02-11 19:26:06.389184
713,questionnaire_2_2,31,我会试着想象事情从他人的角度看起来是什么样的。,Self–Other,2.2.3,,"[{""value"": 1, ""label"": ""\u975e\u5e38\u4e0d\u7b26\u5408"", ""score"": 1}, {""value"": 2, ""label"": ""\u4e0d\u592a\u7b26\u5408"", ""score"": 2}, {""value"": 3, ""label"": ""\u4e00\u822c"", ""score"": 3}, {""value"": 4, ""label"": ""\u6bd4\u8f83\u7b26\u5408"", ""score"": 4}, {""value"": 5, ""label"": ""\u975e\u5e38\u7b26\u5408"", ""score"": 5}]",2026-01-21 12:29:59.171954,,published,,,,,,,,0,legacy,2026-02-11 19:26:06.389184
714,questionnaire_2_2,32,当我不确定自己是否正确时，我愿意倾听别人的想法。(反项),Self–Other,2.2.3,,"[{""value"": 1, ""label"": ""\u975e\u5e38\u4e0d\u7b26\u5408"", ""score"": 1}, {""value"": 2, ""label"": ""\u4e0d\u592a\u7b26\u5408"", ""score"": 2}, {""value"": 3, ""label"": ""\u4e00\u822c"", ""score"": 3}, {""value"": 4, ""label"": ""\u6bd4\u8f83\u7b26\u5408"", ""score"": 4}, {""value"": 5, ""label"": ""\u975e\u5e38\u7b26\u5408"", ""score"": 5}]",2026-01-21 12:29:59.171955,,published,,,,,,,,0,legacy,2026-02-11 19:26:06.389184
715,questionnaire_2_2,33,在冲突中，我能暂时放下自己的立场，理解对方的理由。,Self–Other,2.2.3,,"[{""value"": 1, ""label"": ""\u975e\u5e38\u4e0d\u7b26\u5408"", ""score"": 1}, {""value"": 2, ""label"": ""\u4e0d\u592a\u7b26\u5408"", ""score"": 2}, {""value"": 3, ""label"": ""\u4e00\u822c"", ""score"": 3}, {""value"": 4, ""label"": ""\u6bd4\u8f83\u7b26\u5408"", ""score"": 4}, {""value"": 5, ""label"": ""\u975e\u5e38\u7b26\u5408"", ""score"": 5}]",2026-01-21 12:29:59.171955,,published,,,,,,,,0,legacy,2026-02-11 19:26:06.389184
716,questionnaire_2_2,34,当别人情绪激动时，我能想到他们可能的顾虑，而不仅仅是态度。,Self–Other,2.2.3,,"[{""value"": 1, ""label"": ""\u975e\u5e38\u4e0d\u7b26\u5408"", ""score"": 1}, {""value"": 2, ""label"": ""\u4e0d\u592a\u7b26\u5408"", ""score"": 2}, {""value"": 3, ""label"": ""\u4e00\u822c"", ""score"": 3}, {""value"": 4, ""label"": ""\u6bd4\u8f83\u7b26\u5408"", ""score"": 4}, {""value"": 5, ""label"": ""\u975e\u5e38\u7b26\u5408"", ""score"": 5}]",2026-01-21 12:29:59.171955,,published,,,,,,,,0,legacy,2026-02-11 19:26:06.389184
717,questionnaire_2_2,35,当我看到别人受到不公平对待时，我通常会为他们感到担心。,Emotional,2.2.3,,"[{""value"": 1, ""label"": ""\u975e\u5e38\u4e0d\u7b26\u5408"", ""score"": 1}, {""value"": 2, ""label"": ""\u4e0d\u592a\u7b26\u5408"", ""score"": 2}, {""value"": 3, ""label"": ""\u4e00\u822c"", ""score"": 3}, {""value"": 4, ""label"": ""\u6bd4\u8f83\u7b26\u5408"", ""score"": 4}, {""value"": 5, ""label"": ""\u975e\u5e38\u7b26\u5408"", ""score"": 5}]",2026-01-21 12:29:59.171955,,published,,,,,,,,0,legacy,2026-02-11 19:26:06.389184
718,questionnaire_2_2,36,我能意识到：自己现在的情绪只是其中一种看法，而不是全部。,Emotional,2.2.3,,"[{""value"": 1, ""label"": ""\u975e\u5e38\u4e0d\u7b26\u5408"", ""score"": 1}, {""value"": 2, ""label"": ""\u4e0d\u592a\u7b26\u5408"", ""score"": 2}, {""value"": 3, ""label"": ""\u4e00\u822c"", ""score"": 3}, {""value"": 4, ""label"": ""\u6bd4\u8f83\u7b26\u5408"", ""score"": 4}, {""value"": 5, ""label"": ""\u975e\u5e38\u7b26\u5408"", ""score"": 5}]",2026-01-21 12:29:59.171956,,published,,,,,,,,0,legacy,2026-02-11 19:26:06.389184
719,questionnaire_2_2,37,当我情绪很强烈时，我能提醒自己：换个角度可能会有不同的解释。,Emotional,2.2.3,,"[{""value"": 1, ""label"": ""\u975e\u5e38\u4e0d\u7b26\u5408"", ""score"": 1}, {""value"": 2, ""label"": ""\u4e0d\u592a\u7b26\u5408"", ""score"": 2}, {""value"": 3, ""label"": ""\u4e00\u822c"", ""score"": 3}, {""value"": 4, ""label"": ""\u6bd4\u8f83\u7b26\u5408"", ""score"": 4}, {""value"": 5, ""label"": ""\u975e\u5e38\u7b26\u5408"", ""score"": 5}]",2026-01-21 12:29:59.171956,,published,,,,,,,,0,legacy,2026-02-11 19:26:06.389184
720,questionnaire_2_2,38,我经常因为观看悲剧性情境而心烦意乱。(反项),Emotional,2.2.3,,"[{""value"": 1, ""label"": ""\u975e\u5e38\u4e0d\u7b26\u5408"", ""score"": 1}, {""value"": 2, ""label"": ""\u4e0d\u592a\u7b26\u5408"", ""score"": 2}, {""value"": 3, ""label"": ""\u4e00\u822c"", ""score"": 3}, {""value"": 4, ""label"": ""\u6bd4\u8f83\u7b26\u5408"", ""score"": 4}, {""value"": 5, ""label"": ""\u975e\u5e38\u7b26\u5408"", ""score"": 5}]",2026-01-21 12:29:59.171956,,published,,,,,,,,0,legacy,2026-02-11 19:26:06.389184
721,questionnaire_2_2,39,当我回顾过去，我更倾向于看到自己如何克服挑战并成长。,,2.2.4,,"[{""value"": 1, ""label"": ""\u975e\u5e38\u4e0d\u7b26\u5408"", ""score"": 1}, {""value"": 2, ""label"": ""\u4e0d\u592a\u7b26\u5408"", ""score"": 2}, {""value"": 3, ""label"": ""\u4e00\u822c"", ""score"": 3}, {""value"": 4, ""label"": ""\u6bd4\u8f83\u7b26\u5408"", ""score"": 4}, {""value"": 5, ""label"": ""\u975e\u5e38\u7b26\u5408"", ""score"": 5}]",2026-01-21 12:29:59.171956,,published,,,,,,,,0,legacy,2026-02-11 19:26:06.389184
722,questionnaire_2_2,40,我常觉得自己在生活中容易受伤，需要别人帮助才能走出来。,,2.2.4,,"[{""value"": 1, ""label"": ""\u975e\u5e38\u4e0d\u7b26\u5408"", ""score"": 1}, {""value"": 2, ""label"": ""\u4e0d\u592a\u7b26\u5408"", ""score"": 2}, {""value"": 3, ""label"": ""\u4e00\u822c"", ""score"": 3}, {""value"": 4, ""label"": ""\u6bd4\u8f83\u7b26\u5408"", ""score"": 4}, {""value"": 5, ""label"": ""\u975e\u5e38\u7b26\u5408"", ""score"": 5}]",2026-01-21 12:29:59.171957,,published,,,,,,,,0,legacy,2026-02-11 19:26:06.389184
723,questionnaire_2_2,41,我在故事中经常强调自己的情绪和对自由的追求。,,2.2.4,,"[{""value"": 1, ""label"": ""\u975e\u5e38\u4e0d\u7b26\u5408"", ""score"": 1}, {""value"": 2, ""label"": ""\u4e0d\u592a\u7b26\u5408"", ""score"": 2}, {""value"": 3, ""label"": ""\u4e00\u822c"", ""score"": 3}, {""value"": 4, ""label"": ""\u6bd4\u8f83\u7b26\u5408"", ""score"": 4}, {""value"": 5, ""label"": ""\u975e\u5e38\u7b26\u5408"", ""score"": 5}]",2026-01-21 12:29:59.171957,,published,,,,,,,,0,legacy,2026-02-11 19:26:06.389184
724,questionnaire_2_2,42,当我回想经历时，我觉得很多事情都不清楚，不知道未来要做什么。,,2.2.4,,"[{""value"": 1, ""label"": ""\u975e\u5e38\u4e0d\u7b26\u5408"", ""score"": 1}, {""value"": 2, ""label"": ""\u4e0d\u592a\u7b26\u5408"", ""score"": 2}, {""value"": 3, ""label"": ""\u4e00\u822c"", ""score"": 3}, {""value"": 4, ""label"": ""\u6bd4\u8f83\u7b26\u5408"", ""score"": 4}, {""value"": 5, ""label"": ""\u975e\u5e38\u7b26\u5408"", ""score"": 5}]",2026-01-21 12:29:59.171957,,published,,,,,,,,0,legacy,2026-02-11 19:26:06.389184
725,questionnaire_2_2,43,我喜欢把经历看作学习和发现新可能的机会。,,2.2.4,,"[{""value"": 1, ""label"": ""\u975e\u5e38\u4e0d\u7b26\u5408"", ""score"": 1}, {""value"": 2, ""label"": ""\u4e0d\u592a\u7b26\u5408"", ""score"": 2}, {""value"": 3, ""label"": ""\u4e00\u822c"", ""score"": 3}, {""value"": 4, ""label"": ""\u6bd4\u8f83\u7b26\u5408"", ""score"": 4}, {""value"": 5, ""label"": ""\u975e\u5e38\u7b26\u5408"", ""score"": 5}]",2026-01-21 12:29:59.171957,,published,,,,,,,,0,legacy,2026-02-11 19:26:06.389184
726,questionnaire_2_2,44,我常觉得“虽然困难，但我学到了重要的东西”。,,2.2.4,,"[{""value"": 1, ""label"": ""\u975e\u5e38\u4e0d\u7b26\u5408"", ""score"": 1}, {""value"": 2, ""label"": ""\u4e0d\u592a\u7b26\u5408"", ""score"": 2}, {""value"": 3, ""label"": ""\u4e00\u822c"", ""score"": 3}, {""value"": 4, ""label"": ""\u6bd4\u8f83\u7b26\u5408"", ""score"": 4}, {""value"": 5, ""label"": ""\u975e\u5e38\u7b26\u5408"", ""score"": 5}]",2026-01-21 12:29:59.171958,,published,,,,,,,,0,legacy,2026-02-11 19:26:06.389184
727,questionnaire_2_2,45,我经常认为“事情总是不顺，我需要别人帮我才行”。,,2.2.4,,"[{""value"": 1, ""label"": ""\u975e\u5e38\u4e0d\u7b26\u5408"", ""score"": 1}, {""value"": 2, ""label"": ""\u4e0d\u592a\u7b26\u5408"", ""score"": 2}, {""value"": 3, ""label"": ""\u4e00\u822c"", ""score"": 3}, {""value"": 4, ""label"": ""\u6bd4\u8f83\u7b26\u5408"", ""score"": 4}, {""value"": 5, ""label"": ""\u975e\u5e38\u7b26\u5408"", ""score"": 5}]",2026-01-21 12:29:59.171958,,published,,,,,,,,0,legacy,2026-02-11 19:26:06.389184
728,questionnaire_2_2,46,我会把自己的故事描述为“不断寻找方向，但还没找到”。,,2.2.4,,"[{""value"": 1, ""label"": ""\u975e\u5e38\u4e0d\u7b26\u5408"", ""score"": 1}, {""value"": 2, ""label"": ""\u4e0d\u592a\u7b26\u5408"", ""score"": 2}, {""value"": 3, ""label"": ""\u4e00\u822c"", ""score"": 3}, {""value"": 4, ""label"": ""\u6bd4\u8f83\u7b26\u5408"", ""score"": 4}, {""value"": 5, ""label"": ""\u975e\u5e38\u7b26\u5408"", ""score"": 5}]",2026-01-21 12:29:59.171958,,published,,,,,,,,0,legacy,2026-02-11 19:26:06.389184
729,questionnaire_2_3,1,我能在亲密关系中保持亲近与独立的平衡。,Secure (安全型),2.3.1,,"[{""value"": 1, ""label"": ""\u975e\u5e38\u4e0d\u7b26\u5408"", ""score"": 1}, {""value"": 2, ""label"": ""\u4e0d\u592a\u7b26\u5408"", ""score"": 2}, {""value"": 3, ""label"": ""\u4e00\u822c"", ""score"": 3}, {""value"": 4, ""label"": ""\u6bd4\u8f83\u7b26\u5408"", ""score"": 4}, {""value"": 5, ""label"": ""\u975e\u5e38\u7b26\u5408"", ""score"": 5}]",2026-01-21 12:29:59.179299,,published,,,,,,,,0,legacy,2026-02-11 19:26:06.389184
730,questionnaire_2_3,2,当关系出现不确定时，我能保持冷静并沟通解决。,Secure (安全型),2.3.1,,"[{""value"": 1, ""label"": ""\u975e\u5e38\u4e0d\u7b26\u5408"", ""score"": 1}, {""value"": 2, ""label"": ""\u4e0d\u592a\u7b26\u5408"", ""score"": 2}, {""value"": 3, ""label"": ""\u4e00\u822c"", ""score"": 3}, {""value"": 4, ""label"": ""\u6bd4\u8f83\u7b26\u5408"", ""score"": 4}, {""value"": 5, ""label"": ""\u975e\u5e38\u7b26\u5408"", ""score"": 5}]",2026-01-21 12:29:59.179301,,published,,,,,,,,0,legacy,2026-02-11 19:26:06.389184
731,questionnaire_2_3,3,我能在冲突中表达需求，而不是完全退缩或过度依赖。,Secure (安全型),2.3.1,,"[{""value"": 1, ""label"": ""\u975e\u5e38\u4e0d\u7b26\u5408"", ""score"": 1}, {""value"": 2, ""label"": ""\u4e0d\u592a\u7b26\u5408"", ""score"": 2}, {""value"": 3, ""label"": ""\u4e00\u822c"", ""score"": 3}, {""value"": 4, ""label"": ""\u6bd4\u8f83\u7b26\u5408"", ""score"": 4}, {""value"": 5, ""label"": ""\u975e\u5e38\u7b26\u5408"", ""score"": 5}]",2026-01-21 12:29:59.179301,,published,,,,,,,,0,legacy,2026-02-11 19:26:06.389184
732,questionnaire_2_3,4,当对方没有及时回应，我会担心被忽视或拒绝。,Anxious (焦虑型),2.3.1,,"[{""value"": 1, ""label"": ""\u975e\u5e38\u4e0d\u7b26\u5408"", ""score"": 1}, {""value"": 2, ""label"": ""\u4e0d\u592a\u7b26\u5408"", ""score"": 2}, {""value"": 3, ""label"": ""\u4e00\u822c"", ""score"": 3}, {""value"": 4, ""label"": ""\u6bd4\u8f83\u7b26\u5408"", ""score"": 4}, {""value"": 5, ""label"": ""\u975e\u5e38\u7b26\u5408"", ""score"": 5}]",2026-01-21 12:29:59.179301,,published,,,,,,,,0,legacy,2026-02-11 19:26:06.389184
733,questionnaire_2_3,5,我常需要反复确认对方是否在乎我。,Anxious (焦虑型),2.3.1,,"[{""value"": 1, ""label"": ""\u975e\u5e38\u4e0d\u7b26\u5408"", ""score"": 1}, {""value"": 2, ""label"": ""\u4e0d\u592a\u7b26\u5408"", ""score"": 2}, {""value"": 3, ""label"": ""\u4e00\u822c"", ""score"": 3}, {""value"": 4, ""label"": ""\u6bd4\u8f83\u7b26\u5408"", ""score"": 4}, {""value"": 5, ""label"": ""\u975e\u5e38\u7b26\u5408"", ""score"": 5}]",2026-01-21 12:29:59.179302,,published,,,,,,,,0,legacy,2026-02-11 19:26:06.389184
734,questionnaire_2_3,6,我常觉得自己在关系中不够好，需要努力才能被接受。,Anxious (焦虑型),2.3.1,,"[{""value"": 1, ""label"": ""\u975e\u5e38\u4e0d\u7b26\u5408"", ""score"": 1}, {""value"": 2, ""label"": ""\u4e0d\u592a\u7b26\u5408"", ""score"": 2}, {""value"": 3, ""label"": ""\u4e00\u822c"", ""score"": 3}, {""value"": 4, ""label"": ""\u6bd4\u8f83\u7b26\u5408"", ""score"": 4}, {""value"": 5, ""label"": ""\u975e\u5e38\u7b26\u5408"", ""score"": 5}]",2026-01-21 12:29:59.179302,,published,,,,,,,,0,legacy,2026-02-11 19:26:06.389184
735,questionnaire_2_3,7,我倾向在关系中保持距离，以避免受伤。,Avoidant (回避型),2.3.1,,"[{""value"": 1, ""label"": ""\u975e\u5e38\u4e0d\u7b26\u5408"", ""score"": 1}, {""value"": 2, ""label"": ""\u4e0d\u592a\u7b26\u5408"", ""score"": 2}, {""value"": 3, ""label"": ""\u4e00\u822c"", ""score"": 3}, {""value"": 4, ""label"": ""\u6bd4\u8f83\u7b26\u5408"", ""score"": 4}, {""value"": 5, ""label"": ""\u975e\u5e38\u7b26\u5408"", ""score"": 5}]",2026-01-21 12:29:59.179302,,published,,,,,,,,0,legacy,2026-02-11 19:26:06.389184
736,questionnaire_2_3,8,当别人过于亲近时，我会感到不自在或想退缩。,Avoidant (回避型),2.3.1,,"[{""value"": 1, ""label"": ""\u975e\u5e38\u4e0d\u7b26\u5408"", ""score"": 1}, {""value"": 2, ""label"": ""\u4e0d\u592a\u7b26\u5408"", ""score"": 2}, {""value"": 3, ""label"": ""\u4e00\u822c"", ""score"": 3}, {""value"": 4, ""label"": ""\u6bd4\u8f83\u7b26\u5408"", ""score"": 4}, {""value"": 5, ""label"": ""\u975e\u5e38\u7b26\u5408"", ""score"": 5}]",2026-01-21 12:29:59.179303,,published,,,,,,,,0,legacy,2026-02-11 19:26:06.389184
737,questionnaire_2_3,9,我更喜欢独立，不喜欢别人过多干涉我的生活。,Avoidant (回避型),2.3.1,,"[{""value"": 1, ""label"": ""\u975e\u5e38\u4e0d\u7b26\u5408"", ""score"": 1}, {""value"": 2, ""label"": ""\u4e0d\u592a\u7b26\u5408"", ""score"": 2}, {""value"": 3, ""label"": ""\u4e00\u822c"", ""score"": 3}, {""value"": 4, ""label"": ""\u6bd4\u8f83\u7b26\u5408"", ""score"": 4}, {""value"": 5, ""label"": ""\u975e\u5e38\u7b26\u5408"", ""score"": 5}]",2026-01-21 12:29:59.179303,,published,,,,,,,,0,legacy,2026-02-11 19:26:06.389184
738,questionnaire_2_3,10,我在关系中常感到矛盾：既渴望亲密，又害怕靠近。,Disorganized (混乱型),2.3.1,,"[{""value"": 1, ""label"": ""\u975e\u5e38\u4e0d\u7b26\u5408"", ""score"": 1}, {""value"": 2, ""label"": ""\u4e0d\u592a\u7b26\u5408"", ""score"": 2}, {""value"": 3, ""label"": ""\u4e00\u822c"", ""score"": 3}, {""value"": 4, ""label"": ""\u6bd4\u8f83\u7b26\u5408"", ""score"": 4}, {""value"": 5, ""label"": ""\u975e\u5e38\u7b26\u5408"", ""score"": 5}]",2026-01-21 12:29:59.179303,,published,,,,,,,,0,legacy,2026-02-11 19:26:06.389184
739,questionnaire_2_3,11,当关系出现问题时，我会在靠近和疏远之间反复摇摆。,Disorganized (混乱型),2.3.1,,"[{""value"": 1, ""label"": ""\u975e\u5e38\u4e0d\u7b26\u5408"", ""score"": 1}, {""value"": 2, ""label"": ""\u4e0d\u592a\u7b26\u5408"", ""score"": 2}, {""value"": 3, ""label"": ""\u4e00\u822c"", ""score"": 3}, {""value"": 4, ""label"": ""\u6bd4\u8f83\u7b26\u5408"", ""score"": 4}, {""value"": 5, ""label"": ""\u975e\u5e38\u7b26\u5408"", ""score"": 5}]",2026-01-21 12:29:59.179303,,published,,,,,,,,0,legacy,2026-02-11 19:26:06.389184
740,questionnaire_2_3,12,我在亲密关系中容易情绪化，难以保持稳定。,Disorganized (混乱型),2.3.1,,"[{""value"": 1, ""label"": ""\u975e\u5e38\u4e0d\u7b26\u5408"", ""score"": 1}, {""value"": 2, ""label"": ""\u4e0d\u592a\u7b26\u5408"", ""score"": 2}, {""value"": 3, ""label"": ""\u4e00\u822c"", ""score"": 3}, {""value"": 4, ""label"": ""\u6bd4\u8f83\u7b26\u5408"", ""score"": 4}, {""value"": 5, ""label"": ""\u975e\u5e38\u7b26\u5408"", ""score"": 5}]",2026-01-21 12:29:59.179304,,published,,,,,,,,0,legacy,2026-02-11 19:26:06.389184
741,questionnaire_2_3,13,当别人忽视我时，我会感到强烈不安。,,2.3.2,,"[{""value"": 1, ""label"": ""\u975e\u5e38\u4e0d\u7b26\u5408"", ""score"": 1}, {""value"": 2, ""label"": ""\u4e0d\u592a\u7b26\u5408"", ""score"": 2}, {""value"": 3, ""label"": ""\u4e00\u822c"", ""score"": 3}, {""value"": 4, ""label"": ""\u6bd4\u8f83\u7b26\u5408"", ""score"": 4}, {""value"": 5, ""label"": ""\u975e\u5e38\u7b26\u5408"", ""score"": 5}]",2026-01-21 12:29:59.179304,,published,,,,,,,,0,legacy,2026-02-11 19:26:06.389184
742,questionnaire_2_3,14,被拒绝会让我过度怀疑自己的价值。,,2.3.2,,"[{""value"": 1, ""label"": ""\u975e\u5e38\u4e0d\u7b26\u5408"", ""score"": 1}, {""value"": 2, ""label"": ""\u4e0d\u592a\u7b26\u5408"", ""score"": 2}, {""value"": 3, ""label"": ""\u4e00\u822c"", ""score"": 3}, {""value"": 4, ""label"": ""\u6bd4\u8f83\u7b26\u5408"", ""score"": 4}, {""value"": 5, ""label"": ""\u975e\u5e38\u7b26\u5408"", ""score"": 5}]",2026-01-21 12:29:59.179304,,published,,,,,,,,0,legacy,2026-02-11 19:26:06.389184
743,questionnaire_2_3,15,当关系出现疏离，我会反复确认对方态度。,,2.3.2,,"[{""value"": 1, ""label"": ""\u975e\u5e38\u4e0d\u7b26\u5408"", ""score"": 1}, {""value"": 2, ""label"": ""\u4e0d\u592a\u7b26\u5408"", ""score"": 2}, {""value"": 3, ""label"": ""\u4e00\u822c"", ""score"": 3}, {""value"": 4, ""label"": ""\u6bd4\u8f83\u7b26\u5408"", ""score"": 4}, {""value"": 5, ""label"": ""\u975e\u5e38\u7b26\u5408"", ""score"": 5}]",2026-01-21 12:29:59.179304,,published,,,,,,,,0,legacy,2026-02-11 19:26:06.389184
744,questionnaire_2_3,16,我容易因小的冷淡行为而情绪波动。,,2.3.2,,"[{""value"": 1, ""label"": ""\u975e\u5e38\u4e0d\u7b26\u5408"", ""score"": 1}, {""value"": 2, ""label"": ""\u4e0d\u592a\u7b26\u5408"", ""score"": 2}, {""value"": 3, ""label"": ""\u4e00\u822c"", ""score"": 3}, {""value"": 4, ""label"": ""\u6bd4\u8f83\u7b26\u5408"", ""score"": 4}, {""value"": 5, ""label"": ""\u975e\u5e38\u7b26\u5408"", ""score"": 5}]",2026-01-21 12:29:59.179305,,published,,,,,,,,0,legacy,2026-02-11 19:26:06.389184
745,questionnaire_2_3,17,我能在冲突中保持冷静，而不是立即情绪化反应。,,2.3.2,,"[{""value"": 1, ""label"": ""\u975e\u5e38\u4e0d\u7b26\u5408"", ""score"": 1}, {""value"": 2, ""label"": ""\u4e0d\u592a\u7b26\u5408"", ""score"": 2}, {""value"": 3, ""label"": ""\u4e00\u822c"", ""score"": 3}, {""value"": 4, ""label"": ""\u6bd4\u8f83\u7b26\u5408"", ""score"": 4}, {""value"": 5, ""label"": ""\u975e\u5e38\u7b26\u5408"", ""score"": 5}]",2026-01-21 12:29:59.179305,,published,,,,,,,,0,legacy,2026-02-11 19:26:06.389184
746,questionnaire_2_3,18,我能敏锐感受到他人的情绪变化。,,2.3.3,,"[{""value"": 1, ""label"": ""\u975e\u5e38\u4e0d\u7b26\u5408"", ""score"": 1}, {""value"": 2, ""label"": ""\u4e0d\u592a\u7b26\u5408"", ""score"": 2}, {""value"": 3, ""label"": ""\u4e00\u822c"", ""score"": 3}, {""value"": 4, ""label"": ""\u6bd4\u8f83\u7b26\u5408"", ""score"": 4}, {""value"": 5, ""label"": ""\u975e\u5e38\u7b26\u5408"", ""score"": 5}]",2026-01-21 12:29:59.179305,,published,,,,,,,,0,legacy,2026-02-11 19:26:06.389184
747,questionnaire_2_3,19,我能理解他人的观点，即使与我不同。,,2.3.3,,"[{""value"": 1, ""label"": ""\u975e\u5e38\u4e0d\u7b26\u5408"", ""score"": 1}, {""value"": 2, ""label"": ""\u4e0d\u592a\u7b26\u5408"", ""score"": 2}, {""value"": 3, ""label"": ""\u4e00\u822c"", ""score"": 3}, {""value"": 4, ""label"": ""\u6bd4\u8f83\u7b26\u5408"", ""score"": 4}, {""value"": 5, ""label"": ""\u975e\u5e38\u7b26\u5408"", ""score"": 5}]",2026-01-21 12:29:59.179306,,published,,,,,,,,0,legacy,2026-02-11 19:26:06.389184
748,questionnaire_2_3,20,我会主动回应他人的情绪需求。,,2.3.3,,"[{""value"": 1, ""label"": ""\u975e\u5e38\u4e0d\u7b26\u5408"", ""score"": 1}, {""value"": 2, ""label"": ""\u4e0d\u592a\u7b26\u5408"", ""score"": 2}, {""value"": 3, ""label"": ""\u4e00\u822c"", ""score"": 3}, {""value"": 4, ""label"": ""\u6bd4\u8f83\u7b26\u5408"", ""score"": 4}, {""value"": 5, ""label"": ""\u975e\u5e38\u7b26\u5408"", ""score"": 5}]",2026-01-21 12:29:59.179306,,published,,,,,,,,0,legacy,2026-02-11 19:26:06.389184
749,questionnaire_2_3,21,我能在共情时保持自我界限，不被情绪淹没。,,2.3.3,,"[{""value"": 1, ""label"": ""\u975e\u5e38\u4e0d\u7b26\u5408"", ""score"": 1}, {""value"": 2, ""label"": ""\u4e0d\u592a\u7b26\u5408"", ""score"": 2}, {""value"": 3, ""label"": ""\u4e00\u822c"", ""score"": 3}, {""value"": 4, ""label"": ""\u6bd4\u8f83\u7b26\u5408"", ""score"": 4}, {""value"": 5, ""label"": ""\u975e\u5e38\u7b26\u5408"", ""score"": 5}]",2026-01-21 12:29:59.179306,,published,,,,,,,,0,legacy,2026-02-11 19:26:06.389184
750,questionnaire_2_3,22,我能在压力下仍保持对他人的理解与支持。,,2.3.3,,"[{""value"": 1, ""label"": ""\u975e\u5e38\u4e0d\u7b26\u5408"", ""score"": 1}, {""value"": 2, ""label"": ""\u4e0d\u592a\u7b26\u5408"", ""score"": 2}, {""value"": 3, ""label"": ""\u4e00\u822c"", ""score"": 3}, {""value"": 4, ""label"": ""\u6bd4\u8f83\u7b26\u5408"", ""score"": 4}, {""value"": 5, ""label"": ""\u975e\u5e38\u7b26\u5408"", ""score"": 5}]",2026-01-21 12:29:59.179306,,published,,,,,,,,0,legacy,2026-02-11 19:26:06.389184
751,questionnaire_2_3,23,我在关系中常感到“想靠近又害怕受伤”。,,2.3.4,,"[{""value"": 1, ""label"": ""\u975e\u5e38\u4e0d\u7b26\u5408"", ""score"": 1}, {""value"": 2, ""label"": ""\u4e0d\u592a\u7b26\u5408"", ""score"": 2}, {""value"": 3, ""label"": ""\u4e00\u822c"", ""score"": 3}, {""value"": 4, ""label"": ""\u6bd4\u8f83\u7b26\u5408"", ""score"": 4}, {""value"": 5, ""label"": ""\u975e\u5e38\u7b26\u5408"", ""score"": 5}]",2026-01-21 12:29:59.179307,,published,,,,,,,,0,legacy,2026-02-11 19:26:06.389184
752,questionnaire_2_3,24,我在亲密需求与独立需求之间常有拉扯。,,2.3.4,,"[{""value"": 1, ""label"": ""\u975e\u5e38\u4e0d\u7b26\u5408"", ""score"": 1}, {""value"": 2, ""label"": ""\u4e0d\u592a\u7b26\u5408"", ""score"": 2}, {""value"": 3, ""label"": ""\u4e00\u822c"", ""score"": 3}, {""value"": 4, ""label"": ""\u6bd4\u8f83\u7b26\u5408"", ""score"": 4}, {""value"": 5, ""label"": ""\u975e\u5e38\u7b26\u5408"", ""score"": 5}]",2026-01-21 12:29:59.179307,,published,,,,,,,,0,legacy,2026-02-11 19:26:06.389184
753,questionnaire_2_3,25,我在关系决策中容易犹豫不决。,,2.3.4,,"[{""value"": 1, ""label"": ""\u975e\u5e38\u4e0d\u7b26\u5408"", ""score"": 1}, {""value"": 2, ""label"": ""\u4e0d\u592a\u7b26\u5408"", ""score"": 2}, {""value"": 3, ""label"": ""\u4e00\u822c"", ""score"": 3}, {""value"": 4, ""label"": ""\u6bd4\u8f83\u7b26\u5408"", ""score"": 4}, {""value"": 5, ""label"": ""\u975e\u5e38\u7b26\u5408"", ""score"": 5}]",2026-01-21 12:29:59.179307,,published,,,,,,,,0,legacy,2026-02-11 19:26:06.389184
754,questionnaire_2_3,26,我能觉察到自己内在不同声音的存在。,,2.3.4,,"[{""value"": 1, ""label"": ""\u975e\u5e38\u4e0d\u7b26\u5408"", ""score"": 1}, {""value"": 2, ""label"": ""\u4e0d\u592a\u7b26\u5408"", ""score"": 2}, {""value"": 3, ""label"": ""\u4e00\u822c"", ""score"": 3}, {""value"": 4, ""label"": ""\u6bd4\u8f83\u7b26\u5408"", ""score"": 4}, {""value"": 5, ""label"": ""\u975e\u5e38\u7b26\u5408"", ""score"": 5}]",2026-01-21 12:29:59.179307,,published,,,,,,,,0,legacy,2026-02-11 19:26:06.389184
755,questionnaire_2_3,27,我能整合冲突需求，找到平衡点。,,2.3.4,,"[{""value"": 1, ""label"": ""\u975e\u5e38\u4e0d\u7b26\u5408"", ""score"": 1}, {""value"": 2, ""label"": ""\u4e0d\u592a\u7b26\u5408"", ""score"": 2}, {""value"": 3, ""label"": ""\u4e00\u822c"", ""score"": 3}, {""value"": 4, ""label"": ""\u6bd4\u8f83\u7b26\u5408"", ""score"": 4}, {""value"": 5, ""label"": ""\u975e\u5e38\u7b26\u5408"", ""score"": 5}]",2026-01-21 12:29:59.179308,,published,,,,,,,,0,legacy,2026-02-11 19:26:06.389184
756,questionnaire_2_5,1,你突然想起一件三年前尴尬的小事，你的第一反应是？,,,洞察深度 (Insight Depth),"[{""label"": ""A"", ""text"": ""\u8d76\u7d27\u5237\u624b\u673a\u76d6\u8fc7\u53bb\uff0c\u592a\u4e22\u4eba\u4e86\u3002"", ""score"": 1}, {""label"": ""B"", ""text"": ""\u601d\u8003\u4e3a\u4ec0\u4e48\u8fd9\u4ef6\u4e8b\u81f3\u4eca\u8fd8\u8ba9\u6211\u803f\u803f\u4e8e\u6000\uff0c\u5b83\u89e6\u52a8\u4e86\u6211\u54ea\u6839\u795e\u7ecf\uff1f"", ""score"": 3}, {""label"": ""C"", ""text"": ""\u610f\u8bc6\u5230\u8fd9\u53cd\u6620\u4e86\u6211\u5f53\u65f6\u5bf9\u8ba4\u540c\u611f\u7684\u6e34\u671b\uff0c\u5e76\u89c9\u5f97\u5f53\u65f6\u7684\u81ea\u5df1\u5f88\u53ef\u7231\u3002"", ""score"": 5}]",2026-01-21 12:29:59.18575,,published,,,,,,,,0,legacy,2026-02-11 19:26:06.389184
757,questionnaire_2_5,2,你发现自己总是陷入同一种糟糕的人际关系模式中，你会？,,,洞察深度 (Insight Depth),"[{""label"": ""A"", ""text"": ""\u62b1\u6028\u8fd0\u6c14\u4e0d\u597d\uff0c\u603b\u662f\u9047\u5230\u5947\u8469\u3002"", ""score"": 1}, {""label"": ""B"", ""text"": ""\u610f\u8bc6\u5230\u8fd9\u53ef\u80fd\u8ddf\u6211\u6027\u683c\u6709\u5173\uff0c\u4f46\u4e0d\u77e5\u9053\u600e\u4e48\u6539\u3002"", ""score"": 3}, {""label"": ""C"", ""text"": ""\u505c\u4e0b\u6765\u5206\u6790\uff1a\u6211\u662f\u5728\u901a\u8fc7\u8fd9\u79cd\u6a21\u5f0f\u6ee1\u8db3\u67d0\u79cd\u6f5c\u610f\u8bc6\u9700\u6c42\u5417\uff1f"", ""score"": 5}]",2026-01-21 12:29:59.185753,,published,,,,,,,,0,legacy,2026-02-11 19:26:06.389184
758,questionnaire_2_5,3,你习惯的软件突然大改版，或者公司换了全新的工作流程，你会？,,,内在可塑性 (Psychological Plasticity),"[{""label"": ""A"", ""text"": ""\u6781\u5ea6\u5d29\u6e83\uff0c\u75af\u72c2\u5410\u69fd\u65e7\u7248\u6709\u591a\u597d\uff0c\u62d2\u7edd\u5b66\u4e60\u65b0\u7248\u3002"", ""score"": 1}, {""label"": ""B"", ""text"": ""\u6162\u6162\u6478\u7d22\uff0c\u867d\u7136\u4e0d\u60c5\u613f\u4f46\u8fd8\u662f\u4f1a\u8ddf\u4e0a\u8fdb\u5ea6\u3002"", ""score"": 3}, {""label"": ""C"", ""text"": ""\u5174\u594b\u5730\u7814\u7a76\u65b0\u529f\u80fd\uff0c\u5bfb\u627e\u80fd\u8ba9\u6548\u7387\u7ffb\u500d\u7684\u201c\u9a9a\u64cd\u4f5c\u201d\u3002"", ""score"": 5}]",2026-01-21 12:29:59.185753,,published,,,,,,,,0,legacy,2026-02-11 19:26:06.389184
759,questionnaire_2_5,4,你一直坚信的某个观点（比如“努力一定有回报”）被现实狠狠打脸时，你会？,,,内在可塑性 (Psychological Plasticity),"[{""label"": ""A"", ""text"": ""\u9677\u5165\u865a\u65e0\u4e3b\u4e49\uff0c\u89c9\u5f97\u4e16\u754c\u90fd\u662f\u9a97\u4eba\u7684\u3002"", ""score"": 1}, {""label"": ""B"", ""text"": ""\u611f\u5230\u8ff7\u832b\uff0c\u8bd5\u56fe\u5bfb\u627e\u6298\u4e2d\u65b9\u6848\u6765\u4fee\u8865\u65e7\u89c2\u70b9\u3002"", ""score"": 3}, {""label"": ""C"", ""text"": ""\u5347\u7ea7\u8ba4\u77e5\u7cfb\u7edf\uff0c\u63a5\u53d7\u4e16\u754c\u7684\u590d\u6742\u6027\uff0c\u5efa\u7acb\u66f4\u7075\u6d3b\u7684\u4fe1\u5ff5\u3002"", ""score"": 5}]",2026-01-21 12:29:59.185754,,published,,,,,,,,0,legacy,2026-02-11 19:26:06.389184
760,questionnaire_2_5,5,你精心准备了一个月的项目突然因为不可抗力夭折了，你的状态是？,,,心灵韧性 (Resilience),"[{""label"": ""A"", ""text"": ""\u5f7b\u5e95\u6446\u70c2\uff0c\u4e00\u5468\u4e0d\u60f3\u4e0b\u5e8a\u3002"", ""score"": 1}, {""label"": ""B"", ""text"": ""\u96be\u8fc7\u51e0\u5929\uff0c\u7136\u540e\u673a\u68b0\u5730\u5f00\u59cb\u505a\u4e0b\u4e00\u4ef6\u4e8b\u3002"", ""score"": 3}, {""label"": ""C"", ""text"": ""\u5141\u8bb8\u81ea\u5df1\u96be\u8fc7\u4e00\u5c0f\u65f6\uff0c\u7136\u540e\u590d\u76d8\uff1a\u8fd9\u6b21\u7ecf\u5386\u7ed9\u6211\u7559\u4e0b\u4e86\u4ec0\u4e48\u201c\u5f39\u836f\u201d\uff1f"", ""score"": 5}]",2026-01-21 12:29:59.185754,,published,,,,,,,,0,legacy,2026-02-11 19:26:06.389184
761,questionnaire_2_5,6,当多项任务同时压过来，且容错率为零时，你通常？,,,心灵韧性 (Resilience),"[{""label"": ""A"", ""text"": ""\u8111\u56de\u8def\u70e7\u6389\uff0c\u76f4\u63a5\u5b95\u673a\u3002"", ""score"": 1}, {""label"": ""B"", ""text"": ""\u7126\u8651\u5730\u5fc3\u8df3\u52a0\u901f\uff0c\u786c\u7740\u5934\u76ae\u4e00\u4ef6\u4ef6\u71ac\u8fc7\u53bb\u3002"", ""score"": 3}, {""label"": ""C"", ""text"": ""\u5f00\u542f\u201c\u5fc3\u6d41\u201d\u6a21\u5f0f\uff0c\u628a\u538b\u529b\u5f53\u6210\u901a\u5173\u6e38\u620f\u7684\u80cc\u666f\u97f3\u4e50\u3002"", ""score"": 5}]",2026-01-21 12:29:59.185754,,published,,,,,,,,0,legacy,2026-02-11 19:26:06.389184
